full_name,whatsapp_number,email,age,gender,city,occupation_type,monthly_income,credit_score,kyc_status,app_installed,existing_customer,social_media_active,segment,lifetime_value
Diya Sharma,919900000001,diya.sharma1@example.com,36,Male,Bangalore,Full-time,180000,594,Y,Y,Y,Y,dormant,54151
Ishaan Mehta,919900000002,ishaan.mehta2@example.com,35,Female,Lucknow,Self-employed,400000,553,N,Y,Y,Y,active,1534964
Rohan Verma,919900000003,rohan.verma3@example.com,45,Male,Pune,Self-employed,55000,685,N,N,N,N,vip,27469
Aisha Rao,919900000004,aisha.rao4@example.com,57,Male,Kochi,Full-time,250000,573,Y,N,N,N,new,411120
Karan Bose,919900000005,karan.bose5@example.com,31,Female,Pune,Part-time,250000,686,Y,N,Y,Y,dormant,742670
Ananya Singh,919900000006,ananya.singh6@example.com,38,Male,Bhopal,Self-employed,400000,578,Y,Y,Y,Y,active,1467967
Amit Kapoor,919900000007,amit.kapoor7@example.com,34,Female,Kolkata,Contract,250000,623,Y,Y,N,Y,dormant,457012
Amit Gupta,919900000008,amit.gupta8@example.com,35,Male,Jaipur,Contract,250000,596,N,N,Y,Y,vip,616589
Arjun Gupta,919900000009,arjun.gupta9@example.com,54,Female,Jaipur,Full-time,600000,608,Y,Y,Y,Y,new,789180
Ananya Singh,919900000010,ananya.singh10@example.com,37,Male,Jaipur,Full-time,35000,702,N,Y,Y,Y,active,78737
Rahul Kapoor,919900000011,rahul.kapoor11@example.com,59,Female,Ahmedabad,Full-time,35000,607,N,N,N,Y,new,39036
Amit Verma,919900000012,amit.verma12@example.com,52,Male,Indore,Part-time,55000,615,Y,N,Y,Y,dormant,99436
Ishaan Kapoor,919900000013,ishaan.kapoor13@example.com,40,Female,Bhopal,Self-employed,120000,774,N,Y,Y,Y,new,292269
Kabir Das,919900000014,kabir.das14@example.com,21,Male,Kochi,Full-time,120000,667,Y,Y,Y,Y,at_risk,329054
Ishaan Khan,919900000015,ishaan.khan15@example.com,57,Female,Hyderabad,Contract,80000,758,Y,Y,Y,Y,vip,278606
Vivaan Bose,919900000016,vivaan.bose16@example.com,24,Female,Kochi,Self-employed,55000,605,Y,Y,Y,Y,at_risk,107689
Aditya Singh,919900000017,aditya.singh17@example.com,24,Male,Delhi,Part-time,55000,635,Y,Y,N,N,active,90205
Arjun Nair,919900000018,arjun.nair18@example.com,39,Female,Kochi,Contract,600000,629,Y,Y,Y,N,new,1825384
Vivaan Sharma,919900000019,vivaan.sharma19@example.com,53,Male,Mumbai,Full-time,600000,645,Y,Y,N,Y,dormant,681371
Meera Sharma,919900000020,meera.sharma20@example.com,47,Female,Surat,Self-employed,55000,654,Y,Y,Y,Y,at_risk,106560
Aditya Sharma,919900000021,aditya.sharma21@example.com,60,Male,Delhi,Part-time,600000,809,Y,N,N,N,at_risk,769771
Karan Rao,919900000022,karan.rao22@example.com,60,Male,Bhopal,Self-employed,180000,603,N,Y,Y,Y,dormant,142326
Aisha Das,919900000023,aisha.das23@example.com,42,Male,Bhopal,Self-employed,120000,808,Y,N,N,Y,vip,402183
Vivaan Sharma,919900000024,vivaan.sharma24@example.com,29,Female,Bangalore,Contract,250000,768,Y,Y,N,Y,active,568311
Neha Das,919900000025,neha.das25@example.com,48,Male,Mumbai,Self-employed,80000,736,N,N,N,N,active,223348
Diya Iyer,919900000026,diya.iyer26@example.com,60,Male,Surat,Part-time,400000,633,N,N,N,Y,at_risk,1269227
Priya Joshi,919900000027,priya.joshi27@example.com,38,Male,Indore,Full-time,120000,745,N,N,Y,N,vip,183444
Kabir Reddy,919900000028,kabir.reddy28@example.com,63,Male,Kolkata,Self-employed,35000,692,N,N,Y,Y,vip,97376
Pooja Iyer,919900000029,pooja.iyer29@example.com,28,Female,Bangalore,Self-employed,35000,569,Y,Y,N,Y,dormant,137903
Diya Gupta,919900000030,diya.gupta30@example.com,37,Male,Kochi,Contract,120000,550,Y,N,N,N,active,190085
Aditya Bose,919900000031,aditya.bose31@example.com,60,Female,Bhopal,Full-time,250000,703,Y,N,Y,Y,dormant,170923
Priya Bose,919900000032,priya.bose32@example.com,64,Male,Lucknow,Self-employed,400000,757,Y,Y,Y,Y,dormant,1002126
Rohan Singh,919900000033,rohan.singh33@example.com,49,Male,Jaipur,Contract,600000,636,Y,Y,N,Y,new,1986005
Kabir Bose,919900000034,kabir.bose34@example.com,35,Male,Bangalore,Full-time,180000,573,Y,Y,N,Y,vip,642118
Amit Reddy,919900000035,amit.reddy35@example.com,52,Female,Hyderabad,Part-time,400000,552,N,N,N,N,active,347348
Rahul Singh,919900000036,rahul.singh36@example.com,56,Male,Surat,Full-time,35000,783,Y,Y,N,Y,at_risk,133355
Karan Das,919900000037,karan.das37@example.com,56,Female,Surat,Part-time,400000,793,Y,N,N,Y,dormant,816587
Kabir Nair,919900000038,kabir.nair38@example.com,25,Female,Hyderabad,Self-employed,600000,721,Y,Y,Y,Y,active,1730636
Aditya Gupta,919900000039,aditya.gupta39@example.com,42,Female,Kolkata,Full-time,400000,655,N,Y,N,N,new,1382233
Amit Gupta,919900000040,amit.gupta40@example.com,21,Female,Chennai,Contract,600000,764,Y,N,N,N,vip,620281
Priya Singh,919900000041,priya.singh41@example.com,45,Female,Bhopal,Contract,35000,634,N,N,N,Y,vip,85722
Aarav Verma,919900000042,aarav.verma42@example.com,29,Female,Bangalore,Full-time,400000,683,Y,Y,Y,N,vip,502950
Priya Nair,919900000043,priya.nair43@example.com,51,Male,Kochi,Full-time,55000,729,Y,Y,N,Y,new,209469
Ishaan Rao,919900000044,ishaan.rao44@example.com,60,Male,Hyderabad,Part-time,35000,792,Y,Y,Y,Y,at_risk,29316
Meera Mehta,919900000045,meera.mehta45@example.com,31,Female,Delhi,Full-time,55000,709,Y,N,Y,N,active,26883
Kabir Verma,919900000046,kabir.verma46@example.com,64,Male,Indore,Full-time,180000,727,Y,N,Y,Y,new,617110
Sneha Verma,919900000047,sneha.verma47@example.com,44,Female,Kochi,Part-time,400000,772,Y,Y,N,Y,dormant,1257455
Karan Gupta,919900000048,karan.gupta48@example.com,41,Male,Nagpur,Full-time,180000,692,N,Y,N,Y,vip,266095
Sneha Rao,919900000049,sneha.rao49@example.com,32,Female,Hyderabad,Self-employed,250000,682,Y,N,N,Y,new,540796
Ishaan Verma,919900000050,ishaan.verma50@example.com,47,Female,Jaipur,Part-time,120000,793,Y,Y,N,Y,active,208407
Kabir Nair,919900000051,kabir.nair51@example.com,51,Female,Kolkata,Self-employed,250000,730,Y,Y,Y,Y,active,349771
Pooja Joshi,919900000052,pooja.joshi52@example.com,33,Male,Kochi,Contract,80000,691,Y,N,N,Y,new,269119
Aisha Reddy,919900000053,aisha.reddy53@example.com,32,Female,Mumbai,Part-time,250000,690,Y,Y,Y,N,vip,147458
Aarav Das,919900000054,aarav.das54@example.com,51,Female,Ahmedabad,Self-employed,180000,644,N,Y,N,Y,new,310084
Aditya Das,919900000055,aditya.das55@example.com,30,Male,Indore,Self-employed,35000,593,N,Y,N,Y,dormant,37016
Rahul Gupta,919900000056,rahul.gupta56@example.com,49,Female,Nagpur,Contract,600000,706,Y,Y,N,Y,active,1546174
Riya Bose,919900000057,riya.bose57@example.com,31,Male,Bangalore,Full-time,55000,630,Y,Y,N,Y,active,71214
Aisha Mehta,919900000058,aisha.mehta58@example.com,25,Male,Surat,Self-employed,600000,651,Y,Y,N,N,active,282814
Ananya Joshi,919900000059,ananya.joshi59@example.com,59,Female,Ahmedabad,Full-time,180000,789,Y,N,N,Y,vip,335427
Meera Sharma,919900000060,meera.sharma60@example.com,41,Female,Mumbai,Full-time,400000,667,N,N,N,N,at_risk,955895
Ananya Singh,919900000061,ananya.singh61@example.com,38,Male,Lucknow,Contract,600000,801,N,Y,Y,Y,new,2075631
Rohan Gupta,919900000062,rohan.gupta62@example.com,39,Female,Nagpur,Full-time,600000,782,Y,Y,Y,N,dormant,2000834
Aarav Bose,919900000063,aarav.bose63@example.com,47,Male,Hyderabad,Self-employed,600000,805,Y,N,Y,Y,at_risk,1118905
Sneha Verma,919900000064,sneha.verma64@example.com,61,Male,Kochi,Part-time,35000,709,Y,Y,Y,N,new,68373
Diya Bose,919900000065,diya.bose65@example.com,52,Female,Jaipur,Self-employed,80000,762,N,N,Y,Y,vip,73946
Meera Khan,919900000066,meera.khan66@example.com,25,Female,Indore,Contract,80000,724,N,Y,N,Y,at_risk,270593
Amit Bose,919900000067,amit.bose67@example.com,30,Female,Jaipur,Contract,600000,726,Y,N,Y,N,active,2356166
Kabir Das,919900000068,kabir.das68@example.com,35,Female,Mumbai,Self-employed,400000,792,Y,N,Y,Y,active,832900
Vivaan Patel,919900000069,vivaan.patel69@example.com,27,Female,Delhi,Contract,250000,557,Y,Y,N,Y,vip,792449
Riya Iyer,919900000070,riya.iyer70@example.com,62,Male,Nagpur,Self-employed,400000,744,N,N,N,Y,dormant,134567
Aditya Reddy,919900000071,aditya.reddy71@example.com,35,Male,Kolkata,Full-time,180000,601,Y,N,N,Y,new,236664
Neha Gupta,919900000072,neha.gupta72@example.com,36,Female,Lucknow,Part-time,80000,637,Y,N,Y,Y,vip,293500
Saanvi Reddy,919900000073,saanvi.reddy73@example.com,61,Female,Ahmedabad,Self-employed,600000,554,N,Y,Y,Y,new,1127144
Neha Das,919900000074,neha.das74@example.com,61,Female,Kochi,Self-employed,180000,783,N,Y,Y,Y,active,296853
Neha Das,919900000075,neha.das75@example.com,65,Female,Mumbai,Contract,180000,690,Y,N,N,N,dormant,545698
Aisha Joshi,919900000076,aisha.joshi76@example.com,59,Female,Hyderabad,Part-time,120000,678,Y,N,N,N,new,435952
Vivaan Nair,919900000077,vivaan.nair77@example.com,23,Female,Kochi,Part-time,600000,596,N,Y,Y,Y,dormant,2118330
Neha Khan,919900000078,neha.khan78@example.com,31,Female,Surat,Contract,180000,701,Y,Y,Y,N,active,551840
Kabir Rao,919900000079,kabir.rao79@example.com,56,Female,Delhi,Contract,400000,557,Y,Y,Y,N,at_risk,968531
Neha Verma,919900000080,neha.verma80@example.com,51,Male,Lucknow,Self-employed,120000,663,Y,N,N,N,vip,77204
Vivaan Sharma,919900000081,vivaan.sharma81@example.com,52,Male,Delhi,Part-time,180000,619,Y,Y,N,Y,dormant,322683
Saanvi Kapoor,919900000082,saanvi.kapoor82@example.com,62,Male,Nagpur,Contract,400000,758,N,Y,N,Y,vip,1524844
Neha Verma,919900000083,neha.verma83@example.com,55,Female,Mumbai,Contract,250000,691,Y,Y,N,Y,active,659619
Meera Sharma,919900000084,meera.sharma84@example.com,42,Male,Bangalore,Part-time,35000,585,N,Y,N,N,active,50698
Saanvi Joshi,919900000085,saanvi.joshi85@example.com,38,Male,Bangalore,Self-employed,35000,639,Y,N,Y,Y,active,85317
Aarav Patel,919900000086,aarav.patel86@example.com,24,Male,Kochi,Contract,180000,819,Y,Y,Y,Y,dormant,110593
Rahul Reddy,919900000087,rahul.reddy87@example.com,63,Female,Ahmedabad,Full-time,35000,581,N,N,Y,Y,vip,16774
Aditya Iyer,919900000088,aditya.iyer88@example.com,25,Male,Chennai,Self-employed,80000,745,N,Y,N,Y,new,257101
Diya Rao,919900000089,diya.rao89@example.com,48,Female,Surat,Part-time,120000,761,Y,Y,Y,Y,vip,166511
Riya Iyer,919900000090,riya.iyer90@example.com,64,Female,Delhi,Full-time,80000,593,Y,Y,N,N,dormant,34234
Pooja Khan,919900000091,pooja.khan91@example.com,63,Male,Kolkata,Self-employed,250000,766,N,N,N,Y,at_risk,148421
Rahul Reddy,919900000092,rahul.reddy92@example.com,63,Female,Hyderabad,Full-time,80000,729,N,Y,N,Y,vip,272927
Meera Das,919900000093,meera.das93@example.com,59,Female,Mumbai,Part-time,35000,689,Y,Y,Y,Y,active,82321
Arjun Verma,919900000094,arjun.verma94@example.com,61,Male,Delhi,Part-time,80000,742,Y,Y,Y,N,dormant,197252
Vivaan Patel,919900000095,vivaan.patel95@example.com,60,Male,Bhopal,Full-time,80000,689,Y,Y,N,Y,active,245503
Diya Iyer,919900000096,diya.iyer96@example.com,28,Female,Bhopal,Contract,400000,819,Y,Y,Y,Y,new,390723
Ishaan Joshi,919900000097,ishaan.joshi97@example.com,37,Female,Pune,Full-time,80000,553,Y,Y,Y,Y,active,168080
Neha Verma,919900000098,neha.verma98@example.com,23,Female,Mumbai,Contract,400000,589,N,Y,N,N,vip,520063
Arjun Sharma,919900000099,arjun.sharma99@example.com,31,Female,Nagpur,Self-employed,250000,595,Y,Y,Y,Y,new,425978
Aisha Mehta,919900000100,aisha.mehta100@example.com,35,Female,Indore,Part-time,250000,589,Y,Y,N,N,at_risk,383545
Saanvi Reddy,919900000101,saanvi.reddy101@example.com,30,Female,Hyderabad,Part-time,55000,628,N,N,Y,N,vip,107966
Amit Joshi,919900000102,amit.joshi102@example.com,64,Female,Nagpur,Self-employed,600000,627,Y,Y,N,N,dormant,248072
Rahul Verma,919900000103,rahul.verma103@example.com,50,Female,Mumbai,Full-time,180000,738,N,Y,N,N,dormant,442351
Arjun Singh,919900000104,arjun.singh104@example.com,49,Male,Pune,Contract,35000,806,Y,Y,Y,N,at_risk,137657
Aditya Khan,919900000105,aditya.khan105@example.com,23,Male,Kochi,Contract,80000,774,Y,N,Y,N,vip,140266
Rohan Bose,919900000106,rohan.bose106@example.com,61,Female,Delhi,Self-employed,35000,598,Y,Y,Y,N,dormant,123146
Rohan Verma,919900000107,rohan.verma107@example.com,43,Female,Bhopal,Contract,80000,616,Y,N,Y,Y,at_risk,263208
Rahul Verma,919900000108,rahul.verma108@example.com,53,Female,Mumbai,Self-employed,400000,708,Y,Y,N,Y,active,1599964
Saanvi Verma,919900000109,saanvi.verma109@example.com,27,Male,Bhopal,Self-employed,180000,617,Y,Y,Y,Y,dormant,589386
Ananya Mehta,919900000110,ananya.mehta110@example.com,23,Female,Pune,Part-time,600000,777,Y,N,N,Y,active,825587
Sneha Kapoor,919900000111,sneha.kapoor111@example.com,44,Female,Ahmedabad,Self-employed,120000,745,Y,Y,Y,Y,dormant,87110
Riya Sharma,919900000112,riya.sharma112@example.com,44,Male,Kochi,Full-time,600000,695,Y,Y,Y,Y,vip,329107
Kabir Rao,919900000113,kabir.rao113@example.com,43,Male,Kolkata,Full-time,600000,752,Y,Y,N,Y,new,846602
Diya Rao,919900000114,diya.rao114@example.com,30,Male,Mumbai,Self-employed,250000,791,Y,Y,N,Y,new,910565
Aarav Nair,919900000115,aarav.nair115@example.com,30,Female,Delhi,Self-employed,120000,671,Y,Y,Y,N,vip,52640
Sneha Das,919900000116,sneha.das116@example.com,61,Male,Kochi,Part-time,35000,699,Y,N,Y,Y,new,76623
Neha Verma,919900000117,neha.verma117@example.com,45,Female,Mumbai,Contract,35000,741,Y,Y,N,Y,new,109610
Rohan Patel,919900000118,rohan.patel118@example.com,43,Female,Nagpur,Part-time,35000,787,N,Y,Y,Y,vip,11919
Ishaan Sharma,919900000119,ishaan.sharma119@example.com,23,Female,Surat,Self-employed,120000,813,Y,N,N,Y,active,154467
Vivaan Rao,919900000120,vivaan.rao120@example.com,38,Male,Indore,Self-employed,250000,773,N,N,N,Y,active,521393
Sneha Iyer,919900000121,sneha.iyer121@example.com,26,Female,Delhi,Contract,180000,642,Y,Y,Y,Y,at_risk,341006
Priya Patel,919900000122,priya.patel122@example.com,43,Female,Mumbai,Self-employed,600000,772,Y,N,N,Y,vip,948349
Ananya Sharma,919900000123,ananya.sharma123@example.com,59,Female,Mumbai,Part-time,80000,584,Y,N,Y,N,new,199949
Karan Iyer,919900000124,karan.iyer124@example.com,49,Male,Lucknow,Part-time,250000,737,Y,N,Y,Y,active,524092
Arjun Kapoor,919900000125,arjun.kapoor125@example.com,37,Female,Kochi,Contract,55000,659,N,Y,N,Y,new,39367
Aditya Singh,919900000126,aditya.singh126@example.com,49,Male,Indore,Self-employed,80000,727,Y,Y,Y,Y,active,232390
Ananya Joshi,919900000127,ananya.joshi127@example.com,53,Male,Delhi,Part-time,250000,621,Y,Y,Y,Y,vip,813479
Pooja Patel,919900000128,pooja.patel128@example.com,25,Female,Kolkata,Contract,55000,819,Y,Y,N,Y,at_risk,145249
Karan Singh,919900000129,karan.singh129@example.com,29,Male,Indore,Part-time,250000,771,Y,N,N,Y,at_risk,206424
Rohan Kapoor,919900000130,rohan.kapoor130@example.com,43,Female,Nagpur,Full-time,120000,678,Y,N,Y,Y,dormant,267266
Rahul Bose,919900000131,rahul.bose131@example.com,58,Male,Bangalore,Self-employed,80000,571,N,Y,Y,Y,dormant,96455
Ishaan Joshi,919900000132,ishaan.joshi132@example.com,60,Male,Ahmedabad,Self-employed,400000,704,Y,N,N,Y,new,1126693
Ananya Singh,919900000133,ananya.singh133@example.com,51,Female,Hyderabad,Self-employed,400000,623,Y,N,N,N,vip,278765
Neha Khan,919900000134,neha.khan134@example.com,41,Male,Ahmedabad,Full-time,55000,686,Y,Y,Y,N,dormant,98390
Ananya Rao,919900000135,ananya.rao135@example.com,57,Female,Hyderabad,Part-time,250000,805,N,Y,N,Y,new,947971
Rahul Singh,919900000136,rahul.singh136@example.com,34,Female,Mumbai,Full-time,120000,694,Y,N,N,Y,dormant,27729
Diya Gupta,919900000137,diya.gupta137@example.com,37,Female,Indore,Contract,80000,737,Y,Y,N,Y,at_risk,38354
Rahul Singh,919900000138,rahul.singh138@example.com,60,Male,Bangalore,Full-time,180000,751,Y,N,N,Y,active,172156
Rahul Gupta,919900000139,rahul.gupta139@example.com,23,Male,Bangalore,Self-employed,35000,792,Y,Y,N,Y,dormant,49364
Arjun Das,919900000140,arjun.das140@example.com,58,Female,Jaipur,Contract,180000,703,Y,Y,Y,Y,vip,435252
Aarav Das,919900000141,aarav.das141@example.com,37,Male,Kochi,Full-time,600000,795,Y,N,N,N,active,1993388
Kabir Sharma,919900000142,kabir.sharma142@example.com,33,Male,Ahmedabad,Self-employed,55000,764,Y,N,Y,N,vip,193419
Vivaan Mehta,919900000143,vivaan.mehta143@example.com,54,Male,Jaipur,Self-employed,80000,794,Y,Y,Y,N,at_risk,182067
Riya Das,919900000144,riya.das144@example.com,33,Male,Chennai,Self-employed,600000,665,N,N,N,N,vip,842853
Neha Khan,919900000145,neha.khan145@example.com,39,Male,Lucknow,Contract,180000,752,N,N,N,Y,at_risk,689435
Aditya Iyer,919900000146,aditya.iyer146@example.com,62,Female,Kochi,Contract,600000,659,Y,Y,N,Y,active,369037
Amit Reddy,919900000147,amit.reddy147@example.com,24,Male,Bhopal,Part-time,120000,576,Y,Y,N,Y,active,26363
Pooja Kapoor,919900000148,pooja.kapoor148@example.com,47,Female,Ahmedabad,Part-time,80000,697,Y,N,N,Y,dormant,86595
Vivaan Kapoor,919900000149,vivaan.kapoor149@example.com,47,Male,Surat,Full-time,80000,753,N,Y,N,N,at_risk,282530
Aarav Nair,919900000150,aarav.nair150@example.com,42,Female,Ahmedabad,Contract,55000,618,N,Y,Y,Y,active,163804
Riya Mehta,919900000151,riya.mehta151@example.com,21,Female,Indore,Self-employed,80000,648,Y,N,N,N,dormant,115690
Arjun Bose,919900000152,arjun.bose152@example.com,32,Male,Ahmedabad,Self-employed,55000,677,Y,Y,Y,Y,at_risk,74107
Amit Sharma,919900000153,amit.sharma153@example.com,62,Female,Kochi,Part-time,180000,581,Y,Y,Y,Y,at_risk,508159
Aisha Iyer,919900000154,aisha.iyer154@example.com,35,Male,Ahmedabad,Part-time,120000,782,Y,N,Y,Y,vip,369352
Ishaan Joshi,919900000155,ishaan.joshi155@example.com,64,Male,Jaipur,Contract,120000,820,Y,Y,N,Y,dormant,435717
Ishaan Das,919900000156,ishaan.das156@example.com,31,Female,Nagpur,Contract,80000,609,Y,N,N,N,vip,261842
Karan Patel,919900000157,karan.patel157@example.com,50,Male,Jaipur,Contract,400000,707,Y,Y,N,N,dormant,191005
Priya Iyer,919900000158,priya.iyer158@example.com,55,Male,Surat,Full-time,55000,791,Y,Y,N,N,vip,89262
Arjun Singh,919900000159,arjun.singh159@example.com,45,Male,Bhopal,Part-time,400000,728,Y,N,Y,Y,active,1348929
Aarav Nair,919900000160,aarav.nair160@example.com,64,Female,Jaipur,Contract,600000,667,Y,Y,Y,N,new,193455
Priya Das,919900000161,priya.das161@example.com,36,Male,Delhi,Full-time,35000,567,Y,N,N,Y,new,60501
Kabir Khan,919900000162,kabir.khan162@example.com,24,Male,Jaipur,Self-employed,120000,669,N,N,Y,Y,at_risk,132028
Saanvi Bose,919900000163,saanvi.bose163@example.com,47,Female,Chennai,Full-time,120000,639,Y,Y,N,N,vip,382327
Rohan Mehta,919900000164,rohan.mehta164@example.com,47,Male,Chennai,Contract,400000,644,N,Y,N,Y,active,1304780
Vivaan Khan,919900000165,vivaan.khan165@example.com,47,Male,Kolkata,Part-time,400000,680,Y,N,N,N,new,894166
Ishaan Sharma,919900000166,ishaan.sharma166@example.com,45,Male,Nagpur,Full-time,180000,646,N,Y,N,Y,active,630720
Rohan Nair,919900000167,rohan.nair167@example.com,34,Male,Kochi,Full-time,35000,795,N,N,N,Y,active,80427
Aisha Gupta,919900000168,aisha.gupta168@example.com,55,Female,Chennai,Self-employed,600000,734,Y,Y,Y,N,vip,1856514
Rohan Kapoor,919900000169,rohan.kapoor169@example.com,44,Female,Kolkata,Full-time,120000,663,Y,Y,N,Y,vip,158608
Ishaan Iyer,919900000170,ishaan.iyer170@example.com,45,Male,Ahmedabad,Self-employed,120000,681,N,Y,N,N,vip,100715
Neha Patel,919900000171,neha.patel171@example.com,55,Female,Bangalore,Full-time,80000,818,Y,N,N,Y,new,141367
Kabir Verma,919900000172,kabir.verma172@example.com,21,Male,Jaipur,Contract,80000,741,Y,N,N,N,vip,20782
Pooja Khan,919900000173,pooja.khan173@example.com,21,Male,Jaipur,Self-employed,400000,696,Y,N,N,N,active,242665
Diya Khan,919900000174,diya.khan174@example.com,36,Male,Lucknow,Self-employed,80000,731,Y,Y,Y,Y,dormant,89935
Kabir Nair,919900000175,kabir.nair175@example.com,62,Male,Delhi,Contract,55000,744,Y,Y,N,N,new,115470
Priya Bose,919900000176,priya.bose176@example.com,57,Male,Surat,Full-time,250000,667,Y,N,N,Y,new,927951
Riya Kapoor,919900000177,riya.kapoor177@example.com,32,Female,Mumbai,Part-time,35000,623,N,N,Y,Y,active,82006
Amit Rao,919900000178,amit.rao178@example.com,64,Female,Kolkata,Part-time,400000,590,Y,N,Y,Y,new,597701
Meera Das,919900000179,meera.das179@example.com,41,Male,Bhopal,Self-employed,400000,780,Y,Y,N,Y,dormant,1084221
Aditya Joshi,919900000180,aditya.joshi180@example.com,36,Male,Delhi,Self-employed,180000,628,Y,N,Y,Y,at_risk,108881
Aarav Nair,919900000181,aarav.nair181@example.com,44,Female,Delhi,Part-time,600000,594,Y,Y,N,Y,new,324331
Pooja Verma,919900000182,pooja.verma182@example.com,45,Male,Chennai,Contract,250000,748,N,N,N,N,active,593362
Ananya Bose,919900000183,ananya.bose183@example.com,31,Male,Chennai,Self-employed,400000,687,Y,Y,Y,Y,vip,1269653
Neha Nair,919900000184,neha.nair184@example.com,61,Female,Lucknow,Part-time,120000,784,Y,Y,N,Y,dormant,197230
Rohan Singh,919900000185,rohan.singh185@example.com,48,Male,Chennai,Self-employed,250000,652,Y,Y,Y,Y,vip,969375
Kabir Iyer,919900000186,kabir.iyer186@example.com,38,Female,Pune,Full-time,400000,652,Y,Y,N,Y,vip,1513322
Ishaan Singh,919900000187,ishaan.singh187@example.com,65,Male,Nagpur,Contract,180000,805,Y,Y,Y,Y,vip,575729
Aditya Singh,919900000188,aditya.singh188@example.com,58,Female,Jaipur,Contract,600000,568,N,Y,N,Y,new,369362
Kabir Bose,919900000189,kabir.bose189@example.com,31,Male,Lucknow,Contract,250000,719,N,Y,Y,Y,dormant,759510
Pooja Das,919900000190,pooja.das190@example.com,49,Female,Kolkata,Contract,120000,806,Y,N,N,Y,new,76928
Saanvi Iyer,919900000191,saanvi.iyer191@example.com,42,Female,Indore,Part-time,180000,816,Y,Y,Y,Y,at_risk,81947
Vivaan Joshi,919900000192,vivaan.joshi192@example.com,22,Female,Bhopal,Full-time,55000,634,N,N,N,Y,at_risk,128008
Karan Reddy,919900000193,karan.reddy193@example.com,61,Male,Bangalore,Contract,400000,752,Y,N,Y,Y,vip,86764
Ishaan Reddy,919900000194,ishaan.reddy194@example.com,25,Male,Indore,Part-time,180000,737,Y,Y,Y,N,dormant,696687
Rohan Das,919900000195,rohan.das195@example.com,60,Female,Lucknow,Full-time,400000,728,Y,Y,Y,Y,at_risk,1476398
Amit Verma,919900000196,amit.verma196@example.com,41,Male,Hyderabad,Self-employed,80000,609,Y,N,N,Y,active,190741
Priya Patel,919900000197,priya.patel197@example.com,61,Male,Jaipur,Part-time,600000,800,Y,Y,N,Y,at_risk,2290200
Sneha Patel,919900000198,sneha.patel198@example.com,45,Female,Kolkata,Contract,120000,762,Y,Y,Y,Y,active,157193
Riya Reddy,919900000199,riya.reddy199@example.com,31,Female,Lucknow,Contract,180000,811,Y,Y,N,N,at_risk,406758
Vivaan Joshi,919900000200,vivaan.joshi200@example.com,55,Male,Kolkata,Full-time,600000,676,Y,N,Y,Y,new,1121079
Diya Joshi,919900000201,diya.joshi201@example.com,34,Female,Nagpur,Contract,120000,634,Y,N,N,N,dormant,183972
Riya Das,919900000202,riya.das202@example.com,41,Female,Chennai,Self-employed,80000,813,N,N,Y,N,vip,295306
Riya Rao,919900000203,riya.rao203@example.com,65,Male,Hyderabad,Part-time,80000,714,N,N,N,Y,dormant,208250
Priya Gupta,919900000204,priya.gupta204@example.com,25,Male,Kolkata,Self-employed,600000,738,Y,Y,N,N,new,1786525
Karan Bose,919900000205,karan.bose205@example.com,25,Female,Hyderabad,Contract,250000,658,Y,Y,Y,Y,active,587835
Sneha Joshi,919900000206,sneha.joshi206@example.com,64,Male,Mumbai,Full-time,250000,785,Y,N,Y,Y,vip,242202
Saanvi Kapoor,919900000207,saanvi.kapoor207@example.com,31,Female,Delhi,Self-employed,180000,678,Y,N,N,Y,at_risk,532576
Kabir Gupta,919900000208,kabir.gupta208@example.com,27,Male,Hyderabad,Contract,55000,589,Y,Y,N,Y,at_risk,181776
Priya Mehta,919900000209,priya.mehta209@example.com,51,Male,Hyderabad,Contract,80000,595,Y,Y,Y,N,active,132347
Saanvi Bose,919900000210,saanvi.bose210@example.com,25,Male,Lucknow,Part-time,80000,775,Y,Y,N,N,dormant,224716
Ishaan Verma,919900000211,ishaan.verma211@example.com,29,Male,Lucknow,Contract,55000,729,N,Y,Y,Y,new,62867
Meera Das,919900000212,meera.das212@example.com,65,Male,Nagpur,Self-employed,180000,655,Y,Y,N,Y,new,572120
Kabir Singh,919900000213,kabir.singh213@example.com,28,Male,Ahmedabad,Full-time,400000,820,N,Y,Y,Y,vip,1388437
Amit Gupta,919900000214,amit.gupta214@example.com,55,Male,Indore,Contract,250000,587,Y,Y,Y,Y,new,951246
Arjun Khan,919900000215,arjun.khan215@example.com,61,Female,Kolkata,Contract,180000,592,Y,Y,Y,Y,new,385732
Ishaan Joshi,919900000216,ishaan.joshi216@example.com,55,Female,Kolkata,Full-time,80000,708,Y,N,N,Y,new,297087
Diya Singh,919900000217,diya.singh217@example.com,40,Male,Delhi,Full-time,35000,620,Y,Y,N,Y,at_risk,29206
Saanvi Mehta,919900000218,saanvi.mehta218@example.com,28,Male,Pune,Contract,180000,689,Y,Y,N,Y,vip,347355
Neha Sharma,919900000219,neha.sharma219@example.com,57,Male,Pune,Part-time,600000,680,N,N,N,Y,dormant,125856
Aarav Reddy,919900000220,aarav.reddy220@example.com,51,Female,Kolkata,Part-time,35000,641,N,N,N,N,vip,36861
Kabir Gupta,919900000221,kabir.gupta221@example.com,38,Male,Lucknow,Self-employed,250000,611,Y,N,Y,N,new,956375
Aditya Kapoor,919900000222,aditya.kapoor222@example.com,39,Female,Pune,Full-time,600000,783,Y,Y,N,Y,dormant,673092
Neha Das,919900000223,neha.das223@example.com,33,Male,Bangalore,Full-time,600000,759,Y,Y,N,Y,new,2288258
Aarav Joshi,919900000224,aarav.joshi224@example.com,40,Male,Hyderabad,Part-time,400000,764,Y,Y,N,N,new,146728
Kabir Kapoor,919900000225,kabir.kapoor225@example.com,65,Female,Ahmedabad,Full-time,400000,598,Y,N,Y,Y,new,741174
Saanvi Reddy,919900000226,saanvi.reddy226@example.com,37,Female,Surat,Contract,180000,717,Y,Y,Y,Y,dormant,110537
Diya Patel,919900000227,diya.patel227@example.com,50,Female,Kolkata,Full-time,600000,733,N,Y,Y,Y,new,326160
Aisha Rao,919900000228,aisha.rao228@example.com,34,Female,Bangalore,Full-time,35000,677,N,Y,Y,Y,active,11134
Arjun Rao,919900000229,arjun.rao229@example.com,56,Male,Delhi,Contract,600000,602,N,Y,Y,N,active,418031
Arjun Iyer,919900000230,arjun.iyer230@example.com,58,Female,Surat,Full-time,55000,561,N,Y,N,N,new,200161
Rohan Verma,919900000231,rohan.verma231@example.com,50,Male,Bangalore,Contract,35000,752,Y,Y,Y,Y,active,43573
Karan Kapoor,919900000232,karan.kapoor232@example.com,23,Male,Bhopal,Self-employed,80000,805,Y,Y,Y,Y,active,143447
Rahul Reddy,919900000233,rahul.reddy233@example.com,45,Female,Ahmedabad,Contract,35000,726,N,Y,Y,Y,at_risk,86416
Aarav Kapoor,919900000234,aarav.kapoor234@example.com,24,Female,Jaipur,Self-employed,180000,669,N,Y,N,Y,new,558610
Kabir Das,919900000235,kabir.das235@example.com,43,Male,Bangalore,Part-time,400000,712,N,N,N,Y,at_risk,1520289
Amit Patel,919900000236,amit.patel236@example.com,52,Female,Bangalore,Contract,120000,569,Y,Y,Y,Y,new,175271
Meera Reddy,919900000237,meera.reddy237@example.com,42,Male,Surat,Self-employed,80000,580,Y,Y,N,N,dormant,277644
Aditya Iyer,919900000238,aditya.iyer238@example.com,58,Male,Pune,Self-employed,400000,715,Y,Y,N,N,vip,1066754
Ananya Mehta,919900000239,ananya.mehta239@example.com,35,Male,Kolkata,Self-employed,250000,700,Y,N,N,N,vip,858219
Amit Sharma,919900000240,amit.sharma240@example.com,59,Female,Surat,Part-time,80000,603,N,Y,N,Y,at_risk,67038
Aditya Rao,919900000241,aditya.rao241@example.com,49,Male,Chennai,Part-time,250000,677,Y,Y,N,N,new,416640
Priya Patel,919900000242,priya.patel242@example.com,52,Female,Pune,Contract,400000,601,N,N,N,N,active,327238
Aditya Joshi,919900000243,aditya.joshi243@example.com,39,Male,Pune,Self-employed,35000,603,Y,Y,Y,N,dormant,132264
Aditya Iyer,919900000244,aditya.iyer244@example.com,22,Female,Bhopal,Part-time,600000,772,Y,Y,Y,Y,dormant,1766247
Pooja Nair,919900000245,pooja.nair245@example.com,40,Male,Delhi,Full-time,180000,751,Y,N,Y,Y,vip,95938
Meera Singh,919900000246,meera.singh246@example.com,27,Male,Hyderabad,Part-time,120000,699,N,Y,Y,N,vip,247028
Riya Verma,919900000247,riya.verma247@example.com,32,Female,Surat,Contract,400000,739,Y,Y,Y,Y,at_risk,937655
Saanvi Joshi,919900000248,saanvi.joshi248@example.com,26,Female,Indore,Contract,55000,666,Y,N,N,Y,dormant,154597
Sneha Das,919900000249,sneha.das249@example.com,51,Female,Delhi,Contract,120000,567,Y,N,N,Y,dormant,91236
Karan Patel,919900000250,karan.patel250@example.com,34,Male,Bangalore,Full-time,80000,766,Y,N,Y,N,active,269569
Riya Iyer,919900000251,riya.iyer251@example.com,26,Female,Jaipur,Contract,55000,716,N,Y,N,Y,dormant,133803
Priya Verma,919900000252,priya.verma252@example.com,30,Male,Lucknow,Full-time,400000,604,Y,Y,Y,Y,at_risk,1414398
Riya Gupta,919900000253,riya.gupta253@example.com,57,Female,Mumbai,Part-time,600000,691,Y,N,N,Y,vip,2148229
Rohan Mehta,919900000254,rohan.mehta254@example.com,24,Female,Surat,Self-employed,120000,740,Y,N,Y,Y,vip,415355
Diya Rao,919900000255,diya.rao255@example.com,29,Female,Kochi,Contract,120000,714,Y,Y,N,Y,active,440525
Priya Mehta,919900000256,priya.mehta256@example.com,54,Female,Nagpur,Full-time,600000,813,N,Y,N,Y,dormant,2124878
Aarav Patel,919900000257,aarav.patel257@example.com,33,Male,Hyderabad,Full-time,120000,783,Y,Y,Y,Y,vip,254338
Diya Bose,919900000258,diya.bose258@example.com,36,Female,Ahmedabad,Contract,35000,640,N,Y,N,Y,at_risk,106612
Aditya Nair,919900000259,aditya.nair259@example.com,45,Male,Bangalore,Part-time,35000,663,Y,N,Y,Y,new,121996
Aarav Singh,919900000260,aarav.singh260@example.com,62,Male,Lucknow,Full-time,80000,664,Y,N,Y,N,at_risk,144837
Arjun Rao,919900000261,arjun.rao261@example.com,50,Female,Hyderabad,Contract,250000,704,Y,N,Y,Y,dormant,999458
Neha Khan,919900000262,neha.khan262@example.com,40,Male,Ahmedabad,Full-time,180000,722,N,N,N,Y,at_risk,164838
Rahul Joshi,919900000263,rahul.joshi263@example.com,24,Female,Bhopal,Self-employed,120000,621,Y,N,N,Y,vip,208497
Vivaan Das,919900000264,vivaan.das264@example.com,42,Male,Bhopal,Contract,120000,733,Y,N,N,N,active,157966
Sneha Patel,919900000265,sneha.patel265@example.com,56,Male,Bhopal,Self-employed,180000,595,Y,Y,N,Y,at_risk,290231
Amit Nair,919900000266,amit.nair266@example.com,28,Female,Mumbai,Full-time,600000,791,N,Y,N,Y,at_risk,1061885
Saanvi Patel,919900000267,saanvi.patel267@example.com,42,Female,Lucknow,Contract,120000,623,Y,N,N,Y,active,166917
Vivaan Sharma,919900000268,vivaan.sharma268@example.com,38,Male,Indore,Part-time,600000,631,Y,N,Y,Y,vip,1039737
Sneha Gupta,919900000269,sneha.gupta269@example.com,23,Male,Kochi,Self-employed,35000,557,N,N,N,Y,new,90349
Kabir Reddy,919900000270,kabir.reddy270@example.com,40,Male,Delhi,Contract,250000,807,Y,Y,N,Y,at_risk,483130
Rahul Das,919900000271,rahul.das271@example.com,48,Male,Pune,Contract,250000,733,N,Y,N,N,new,266997
Saanvi Reddy,919900000272,saanvi.reddy272@example.com,58,Male,Delhi,Self-employed,35000,569,Y,N,N,Y,dormant,139292
Diya Bose,919900000273,diya.bose273@example.com,24,Male,Kolkata,Contract,35000,744,Y,Y,N,Y,new,47048
Diya Bose,919900000274,diya.bose274@example.com,60,Male,Kolkata,Full-time,180000,811,Y,Y,Y,Y,active,452557
Riya Rao,919900000275,riya.rao275@example.com,43,Female,Chennai,Part-time,120000,570,Y,N,N,Y,active,25249
Aditya Kapoor,919900000276,aditya.kapoor276@example.com,57,Female,Bangalore,Full-time,55000,811,Y,N,N,Y,vip,217631
Aisha Nair,919900000277,aisha.nair277@example.com,24,Male,Nagpur,Part-time,600000,570,N,Y,N,Y,new,336597
Vivaan Sharma,919900000278,vivaan.sharma278@example.com,63,Male,Pune,Self-employed,80000,774,N,Y,N,Y,at_risk,71592
Arjun Gupta,919900000279,arjun.gupta279@example.com,38,Female,Kochi,Contract,600000,765,Y,N,Y,Y,new,2357978
Ananya Verma,919900000280,ananya.verma280@example.com,58,Female,Indore,Contract,400000,642,Y,N,N,N,active,814281
Sneha Verma,919900000281,sneha.verma281@example.com,49,Male,Delhi,Self-employed,400000,710,Y,N,N,N,dormant,420457
Rohan Khan,919900000282,rohan.khan282@example.com,48,Male,Ahmedabad,Self-employed,55000,747,Y,N,N,Y,new,145470
Ananya Khan,919900000283,ananya.khan283@example.com,52,Male,Delhi,Contract,600000,714,Y,N,Y,Y,vip,1039472
Kabir Verma,919900000284,kabir.verma284@example.com,49,Female,Delhi,Contract,600000,778,Y,N,N,Y,vip,1060132
Pooja Khan,919900000285,pooja.khan285@example.com,26,Female,Surat,Part-time,35000,783,N,Y,Y,Y,vip,51152
Meera Das,919900000286,meera.das286@example.com,63,Female,Kochi,Contract,600000,608,Y,N,Y,Y,at_risk,1368735
Neha Mehta,919900000287,neha.mehta287@example.com,23,Male,Ahmedabad,Part-time,55000,759,Y,N,Y,N,vip,56058
Ishaan Mehta,919900000288,ishaan.mehta288@example.com,27,Female,Mumbai,Full-time,250000,780,Y,Y,N,N,new,553846
Vivaan Khan,919900000289,vivaan.khan289@example.com,58,Female,Surat,Part-time,400000,638,Y,Y,Y,Y,at_risk,846247
Arjun Gupta,919900000290,arjun.gupta290@example.com,38,Female,Pune,Self-employed,120000,781,N,Y,N,N,dormant,160304
Pooja Rao,919900000291,pooja.rao291@example.com,56,Male,Hyderabad,Part-time,250000,698,Y,N,Y,N,active,528699
Rohan Mehta,919900000292,rohan.mehta292@example.com,43,Female,Lucknow,Contract,55000,696,N,Y,Y,Y,vip,41373
Vivaan Reddy,919900000293,vivaan.reddy293@example.com,31,Female,Bhopal,Self-employed,180000,624,N,N,Y,N,new,281339
Karan Verma,919900000294,karan.verma294@example.com,62,Female,Hyderabad,Self-employed,120000,574,N,Y,N,N,at_risk,464420
Vivaan Sharma,919900000295,vivaan.sharma295@example.com,33,Female,Nagpur,Part-time,180000,738,N,Y,N,N,active,237218
Ananya Bose,919900000296,ananya.bose296@example.com,32,Male,Kochi,Full-time,55000,743,Y,Y,Y,Y,at_risk,12180
Karan Mehta,919900000297,karan.mehta297@example.com,23,Male,Surat,Self-employed,80000,576,N,N,N,Y,dormant,183249
Aditya Joshi,919900000298,aditya.joshi298@example.com,54,Male,Bangalore,Full-time,250000,808,Y,Y,Y,Y,active,680168
Rohan Iyer,919900000299,rohan.iyer299@example.com,34,Female,Jaipur,Full-time,180000,608,Y,Y,N,Y,dormant,202778
Vivaan Bose,919900000300,vivaan.bose300@example.com,45,Male,Kolkata,Self-employed,250000,694,Y,Y,N,Y,dormant,473279
Vivaan Nair,919900000301,vivaan.nair301@example.com,41,Male,Delhi,Part-time,120000,553,Y,Y,N,Y,vip,405063
Ishaan Khan,919900000302,ishaan.khan302@example.com,62,Male,Kochi,Part-time,400000,562,Y,Y,Y,Y,at_risk,928288
Amit Rao,919900000303,amit.rao303@example.com,37,Female,Kolkata,Contract,120000,757,Y,Y,N,Y,dormant,52836
Amit Sharma,919900000304,amit.sharma304@example.com,43,Male,Chennai,Self-employed,55000,594,Y,N,Y,N,new,110063
Pooja Reddy,919900000305,pooja.reddy305@example.com,46,Female,Bhopal,Part-time,80000,702,Y,N,N,N,at_risk,307047
Aarav Khan,919900000306,aarav.khan306@example.com,28,Male,Mumbai,Contract,80000,593,Y,N,N,Y,vip,291311
Rahul Patel,919900000307,rahul.patel307@example.com,32,Male,Lucknow,Self-employed,80000,649,Y,N,N,Y,dormant,156225
Pooja Verma,919900000308,pooja.verma308@example.com,63,Male,Chennai,Full-time,180000,651,Y,Y,Y,Y,active,104431
Meera Verma,919900000309,meera.verma309@example.com,41,Female,Ahmedabad,Self-employed,120000,706,Y,Y,N,N,vip,100900
Rohan Reddy,919900000310,rohan.reddy310@example.com,62,Female,Chennai,Self-employed,120000,618,Y,Y,N,Y,at_risk,246059
Diya Patel,919900000311,diya.patel311@example.com,38,Male,Surat,Part-time,55000,684,Y,N,N,N,dormant,143010
Amit Das,919900000312,amit.das312@example.com,58,Male,Surat,Full-time,400000,683,Y,N,N,N,at_risk,676597
Amit Mehta,919900000313,amit.mehta313@example.com,29,Female,Jaipur,Full-time,180000,753,Y,Y,Y,N,dormant,503967
Rahul Patel,919900000314,rahul.patel314@example.com,31,Male,Lucknow,Part-time,600000,797,N,Y,N,Y,at_risk,962312
Vivaan Bose,919900000315,vivaan.bose315@example.com,54,Female,Kolkata,Contract,120000,782,N,Y,N,Y,dormant,312907
Riya Rao,919900000316,riya.rao316@example.com,58,Male,Kolkata,Contract,180000,737,Y,N,Y,Y,active,389198
Neha Rao,919900000317,neha.rao317@example.com,52,Female,Surat,Full-time,250000,806,N,Y,Y,Y,at_risk,250941
Ananya Patel,919900000318,ananya.patel318@example.com,59,Male,Bhopal,Part-time,250000,762,N,N,N,Y,active,611251
Priya Sharma,919900000319,priya.sharma319@example.com,23,Male,Lucknow,Part-time,120000,618,Y,Y,N,Y,at_risk,444636
Rahul Gupta,919900000320,rahul.gupta320@example.com,63,Female,Delhi,Part-time,35000,779,Y,Y,N,Y,vip,86912
Amit Rao,919900000321,amit.rao321@example.com,60,Female,Bangalore,Self-employed,80000,782,Y,Y,Y,Y,new,77514
Rahul Bose,919900000322,rahul.bose322@example.com,30,Male,Bangalore,Contract,400000,569,N,Y,N,Y,active,1451017
Pooja Rao,919900000323,pooja.rao323@example.com,64,Female,Jaipur,Contract,35000,739,N,N,Y,N,vip,112011
Arjun Iyer,919900000324,arjun.iyer324@example.com,48,Male,Chennai,Contract,55000,669,N,Y,N,Y,at_risk,50505
Aarav Das,919900000325,aarav.das325@example.com,54,Male,Kolkata,Part-time,55000,711,Y,Y,Y,Y,at_risk,189690
Priya Das,919900000326,priya.das326@example.com,60,Female,Bhopal,Contract,250000,654,Y,N,N,Y,dormant,509572
Aisha Das,919900000327,aisha.das327@example.com,46,Male,Nagpur,Full-time,250000,667,Y,N,Y,Y,vip,796777
Pooja Das,919900000328,pooja.das328@example.com,31,Female,Bhopal,Full-time,35000,596,N,Y,N,Y,at_risk,36495
Aditya Das,919900000329,aditya.das329@example.com,45,Female,Lucknow,Self-employed,35000,579,N,N,N,Y,active,120125
Rahul Nair,919900000330,rahul.nair330@example.com,23,Male,Lucknow,Part-time,120000,568,Y,N,N,Y,at_risk,379531
Neha Bose,919900000331,neha.bose331@example.com,46,Male,Jaipur,Full-time,400000,585,N,Y,N,Y,dormant,609105
Riya Reddy,919900000332,riya.reddy332@example.com,50,Female,Lucknow,Full-time,120000,683,Y,Y,N,Y,at_risk,455839
Rahul Nair,919900000333,rahul.nair333@example.com,65,Female,Kolkata,Contract,180000,674,N,N,N,Y,dormant,625624
Sneha Verma,919900000334,sneha.verma334@example.com,25,Female,Bhopal,Part-time,180000,667,N,Y,Y,Y,at_risk,205808
Aditya Gupta,919900000335,aditya.gupta335@example.com,25,Male,Ahmedabad,Self-employed,250000,731,Y,Y,Y,N,active,524049
Ishaan Reddy,919900000336,ishaan.reddy336@example.com,37,Male,Hyderabad,Part-time,120000,677,N,Y,N,Y,new,332170
Sneha Das,919900000337,sneha.das337@example.com,55,Male,Nagpur,Contract,35000,740,Y,Y,N,N,at_risk,72277
Rahul Nair,919900000338,rahul.nair338@example.com,35,Male,Mumbai,Contract,400000,794,N,Y,Y,N,active,774938
Diya Mehta,919900000339,diya.mehta339@example.com,41,Male,Mumbai,Part-time,600000,744,Y,Y,N,Y,dormant,719296
Riya Singh,919900000340,riya.singh340@example.com,44,Male,Ahmedabad,Contract,250000,657,Y,N,Y,Y,vip,220895
Saanvi Das,919900000341,saanvi.das341@example.com,27,Female,Indore,Part-time,120000,771,N,Y,N,N,vip,391385
Ananya Gupta,919900000342,ananya.gupta342@example.com,29,Female,Indore,Contract,600000,703,Y,N,Y,Y,active,256883
Riya Singh,919900000343,riya.singh343@example.com,49,Female,Chennai,Self-employed,55000,734,Y,N,Y,Y,new,84378
Meera Reddy,919900000344,meera.reddy344@example.com,39,Female,Pune,Contract,80000,778,N,Y,Y,Y,active,279950
Rohan Gupta,919900000345,rohan.gupta345@example.com,25,Male,Bangalore,Self-employed,400000,666,Y,N,N,Y,vip,492297
Karan Joshi,919900000346,karan.joshi346@example.com,58,Female,Kolkata,Part-time,250000,644,N,Y,Y,Y,new,250043
Arjun Verma,919900000347,arjun.verma347@example.com,25,Female,Jaipur,Full-time,55000,563,N,Y,N,Y,dormant,43452
Arjun Nair,919900000348,arjun.nair348@example.com,36,Female,Ahmedabad,Part-time,120000,617,Y,Y,Y,Y,at_risk,418094
Karan Rao,919900000349,karan.rao349@example.com,56,Female,Bangalore,Part-time,180000,783,Y,N,N,Y,dormant,247808
Neha Singh,919900000350,neha.singh350@example.com,26,Female,Chennai,Self-employed,120000,761,Y,Y,Y,N,active,180812
Sneha Khan,919900000351,sneha.khan351@example.com,65,Female,Indore,Contract,35000,703,Y,Y,Y,Y,new,79912
Ishaan Gupta,919900000352,ishaan.gupta352@example.com,46,Male,Bangalore,Contract,400000,743,Y,Y,N,Y,dormant,1307514
Riya Nair,919900000353,riya.nair353@example.com,47,Male,Nagpur,Full-time,180000,643,Y,Y,N,Y,dormant,372525
Rohan Sharma,919900000354,rohan.sharma354@example.com,24,Male,Bangalore,Full-time,80000,694,Y,N,N,Y,active,20476
Ishaan Iyer,919900000355,ishaan.iyer355@example.com,40,Female,Pune,Contract,400000,566,Y,N,N,Y,vip,188505
Sneha Patel,919900000356,sneha.patel356@example.com,37,Female,Nagpur,Full-time,120000,612,N,N,Y,N,active,360354
Vivaan Reddy,919900000357,vivaan.reddy357@example.com,27,Male,Ahmedabad,Contract,600000,709,N,Y,N,N,dormant,1307712
Riya Singh,919900000358,riya.singh358@example.com,33,Female,Surat,Full-time,180000,661,N,Y,Y,Y,at_risk,435933
Arjun Joshi,919900000359,arjun.joshi359@example.com,21,Male,Lucknow,Contract,120000,629,Y,Y,Y,Y,dormant,178320
Vivaan Sharma,919900000360,vivaan.sharma360@example.com,62,Male,Kochi,Full-time,250000,614,Y,Y,N,Y,at_risk,815249
Karan Mehta,919900000361,karan.mehta361@example.com,22,Female,Pune,Part-time,120000,678,N,Y,Y,Y,vip,110538
Ananya Khan,919900000362,ananya.khan362@example.com,41,Female,Chennai,Part-time,250000,585,Y,Y,N,Y,vip,50684
Rahul Gupta,919900000363,rahul.gupta363@example.com,22,Female,Indore,Part-time,80000,714,Y,N,N,Y,dormant,223700
Pooja Patel,919900000364,pooja.patel364@example.com,41,Female,Bhopal,Self-employed,180000,606,Y,N,Y,N,active,633469
Ishaan Verma,919900000365,ishaan.verma365@example.com,33,Male,Mumbai,Contract,600000,800,Y,N,Y,Y,dormant,1756687
Aarav Kapoor,919900000366,aarav.kapoor366@example.com,62,Female,Surat,Full-time,120000,789,N,Y,N,N,vip,398844
Vivaan Rao,919900000367,vivaan.rao367@example.com,54,Male,Kochi,Full-time,180000,705,Y,Y,N,Y,active,399656
Ishaan Reddy,919900000368,ishaan.reddy368@example.com,57,Male,Jaipur,Contract,120000,604,N,Y,N,N,vip,426568
Ananya Joshi,919900000369,ananya.joshi369@example.com,56,Female,Jaipur,Self-employed,80000,630,Y,Y,N,N,dormant,317405
Rohan Rao,919900000370,rohan.rao370@example.com,47,Female,Nagpur,Self-employed,250000,673,Y,Y,N,N,at_risk,392008
Karan Singh,919900000371,karan.singh371@example.com,21,Male,Chennai,Full-time,400000,815,Y,N,Y,N,active,1380695
Aarav Joshi,919900000372,aarav.joshi372@example.com,56,Male,Delhi,Full-time,180000,785,Y,Y,Y,Y,active,211271
Aisha Verma,919900000373,aisha.verma373@example.com,57,Male,Kochi,Full-time,400000,716,N,Y,N,Y,dormant,1325663
Diya Das,919900000374,diya.das374@example.com,23,Female,Delhi,Full-time,180000,721,Y,N,Y,N,active,547412
Meera Kapoor,919900000375,meera.kapoor375@example.com,61,Female,Mumbai,Self-employed,35000,818,Y,Y,Y,Y,active,27375
Arjun Singh,919900000376,arjun.singh376@example.com,35,Female,Chennai,Contract,55000,625,Y,Y,N,Y,vip,65875
Arjun Khan,919900000377,arjun.khan377@example.com,65,Male,Indore,Part-time,400000,796,Y,Y,N,Y,dormant,1595560
Rahul Reddy,919900000378,rahul.reddy378@example.com,25,Female,Indore,Contract,120000,715,Y,Y,Y,Y,at_risk,182828
Rohan Iyer,919900000379,rohan.iyer379@example.com,40,Male,Pune,Contract,35000,624,Y,N,Y,Y,active,107779
Aditya Verma,919900000380,aditya.verma380@example.com,36,Male,Nagpur,Self-employed,35000,557,Y,N,Y,Y,at_risk,34798
Pooja Reddy,919900000381,pooja.reddy381@example.com,55,Female,Jaipur,Contract,120000,622,Y,N,Y,N,dormant,43828
Ananya Sharma,919900000382,ananya.sharma382@example.com,33,Female,Mumbai,Contract,180000,554,Y,N,N,N,at_risk,627169
Aarav Nair,919900000383,aarav.nair383@example.com,35,Female,Jaipur,Full-time,400000,711,Y,Y,Y,Y,vip,932245
Aarav Sharma,919900000384,aarav.sharma384@example.com,54,Female,Pune,Contract,120000,751,Y,Y,N,Y,at_risk,131709
Rahul Nair,919900000385,rahul.nair385@example.com,61,Female,Surat,Contract,35000,565,N,N,Y,Y,vip,94372
Aditya Mehta,919900000386,aditya.mehta386@example.com,54,Male,Kolkata,Part-time,400000,628,Y,Y,N,Y,active,394271
Saanvi Das,919900000387,saanvi.das387@example.com,29,Female,Kochi,Part-time,120000,770,N,N,Y,N,active,168778
Pooja Khan,919900000388,pooja.khan388@example.com,32,Female,Nagpur,Part-time,55000,565,N,N,Y,Y,vip,166832
Riya Patel,919900000389,riya.patel389@example.com,27,Male,Bangalore,Full-time,120000,686,Y,N,N,Y,new,187823
Sneha Patel,919900000390,sneha.patel390@example.com,62,Female,Bangalore,Contract,600000,801,Y,Y,Y,Y,new,2229992
Priya Reddy,919900000391,priya.reddy391@example.com,34,Male,Bangalore,Contract,120000,800,Y,N,N,Y,new,301216
Arjun Mehta,919900000392,arjun.mehta392@example.com,46,Male,Jaipur,Full-time,250000,781,Y,N,N,Y,dormant,425831
Vivaan Khan,919900000393,vivaan.khan393@example.com,54,Male,Hyderabad,Self-employed,400000,775,Y,Y,N,Y,vip,527518
Vivaan Mehta,919900000394,vivaan.mehta394@example.com,50,Female,Delhi,Full-time,80000,642,N,N,N,Y,vip,114332
Aarav Patel,919900000395,aarav.patel395@example.com,58,Male,Surat,Contract,600000,596,Y,N,N,N,new,327916
Karan Bose,919900000396,karan.bose396@example.com,26,Female,Kochi,Part-time,250000,743,Y,Y,Y,Y,active,204018
Saanvi Patel,919900000397,saanvi.patel397@example.com,47,Female,Chennai,Contract,35000,697,Y,Y,Y,Y,dormant,108798
Aarav Singh,919900000398,aarav.singh398@example.com,52,Male,Lucknow,Contract,600000,671,Y,N,N,Y,dormant,1488233
Kabir Kapoor,919900000399,kabir.kapoor399@example.com,60,Male,Mumbai,Part-time,180000,625,Y,Y,Y,Y,dormant,609202
Aisha Iyer,919900000400,aisha.iyer400@example.com,24,Male,Kolkata,Part-time,55000,632,Y,N,N,Y,dormant,48081
Karan Mehta,919900000401,karan.mehta401@example.com,23,Male,Indore,Self-employed,250000,715,Y,Y,Y,Y,dormant,111680
Sneha Patel,919900000402,sneha.patel402@example.com,65,Female,Pune,Contract,55000,818,Y,Y,Y,Y,dormant,217323
Sneha Mehta,919900000403,sneha.mehta403@example.com,48,Female,Chennai,Self-employed,180000,616,Y,Y,N,Y,active,640426
Kabir Mehta,919900000404,kabir.mehta404@example.com,33,Male,Delhi,Full-time,180000,788,Y,Y,N,N,vip,319204
Rohan Iyer,919900000405,rohan.iyer405@example.com,21,Male,Kochi,Self-employed,120000,680,N,Y,N,Y,new,75910
Rohan Iyer,919900000406,rohan.iyer406@example.com,57,Male,Nagpur,Part-time,400000,649,Y,Y,N,N,new,1061391
Sneha Patel,919900000407,sneha.patel407@example.com,55,Female,Ahmedabad,Contract,600000,578,N,Y,N,Y,dormant,162678
Amit Bose,919900000408,amit.bose408@example.com,43,Male,Bangalore,Self-employed,250000,565,Y,Y,N,Y,dormant,420088
Meera Verma,919900000409,meera.verma409@example.com,41,Male,Chennai,Contract,180000,594,Y,Y,N,N,active,395169
Ananya Verma,919900000410,ananya.verma410@example.com,23,Male,Surat,Full-time,250000,777,Y,N,N,Y,at_risk,927455
Rahul Nair,919900000411,rahul.nair411@example.com,30,Male,Nagpur,Part-time,250000,655,Y,Y,N,Y,new,345432
Vivaan Bose,919900000412,vivaan.bose412@example.com,42,Female,Surat,Full-time,55000,602,Y,N,Y,Y,at_risk,144520
Ishaan Iyer,919900000413,ishaan.iyer413@example.com,33,Female,Chennai,Self-employed,120000,775,Y,Y,Y,Y,dormant,279189
Diya Reddy,919900000414,diya.reddy414@example.com,56,Female,Chennai,Part-time,250000,695,Y,Y,Y,N,dormant,471465
Saanvi Sharma,919900000415,saanvi.sharma415@example.com,64,Male,Delhi,Contract,600000,577,Y,Y,N,N,vip,1525199
Aisha Iyer,919900000416,aisha.iyer416@example.com,63,Male,Surat,Contract,120000,617,Y,N,N,Y,at_risk,336122
Karan Singh,919900000417,karan.singh417@example.com,35,Male,Nagpur,Self-employed,120000,736,Y,N,N,N,at_risk,230697
Aarav Verma,919900000418,aarav.verma418@example.com,28,Female,Ahmedabad,Contract,600000,637,Y,Y,N,Y,vip,1984021
Diya Iyer,919900000419,diya.iyer419@example.com,40,Female,Kolkata,Contract,55000,672,Y,Y,N,Y,at_risk,54522
Amit Gupta,919900000420,amit.gupta420@example.com,57,Female,Jaipur,Part-time,400000,638,Y,Y,N,Y,vip,253771
Meera Singh,919900000421,meera.singh421@example.com,56,Male,Nagpur,Contract,250000,640,Y,Y,N,Y,dormant,782776
Arjun Iyer,919900000422,arjun.iyer422@example.com,62,Male,Delhi,Part-time,600000,621,N,N,N,Y,active,1626810
Karan Khan,919900000423,karan.khan423@example.com,45,Female,Hyderabad,Part-time,180000,712,Y,N,N,N,vip,526969
Neha Verma,919900000424,neha.verma424@example.com,60,Female,Nagpur,Part-time,35000,700,Y,N,N,Y,dormant,116160
Neha Verma,919900000425,neha.verma425@example.com,22,Male,Kolkata,Contract,180000,712,Y,Y,Y,Y,active,360812
Ishaan Khan,919900000426,ishaan.khan426@example.com,44,Female,Bangalore,Self-employed,400000,614,Y,Y,Y,N,vip,1080049
Saanvi Verma,919900000427,saanvi.verma427@example.com,62,Female,Nagpur,Contract,80000,767,Y,Y,Y,N,vip,124013
Ananya Gupta,919900000428,ananya.gupta428@example.com,57,Female,Nagpur,Part-time,35000,806,Y,N,N,Y,new,82564
Neha Verma,919900000429,neha.verma429@example.com,65,Male,Bangalore,Self-employed,600000,788,Y,Y,N,Y,new,1679689
Pooja Joshi,919900000430,pooja.joshi430@example.com,60,Male,Surat,Self-employed,180000,555,Y,Y,N,N,vip,277394
Aisha Nair,919900000431,aisha.nair431@example.com,23,Female,Kochi,Self-employed,80000,581,Y,Y,N,Y,at_risk,261904
Meera Sharma,919900000432,meera.sharma432@example.com,52,Male,Bangalore,Full-time,180000,692,Y,N,Y,Y,new,449014
Amit Mehta,919900000433,amit.mehta433@example.com,63,Female,Pune,Part-time,80000,683,N,Y,Y,Y,new,120226
Aditya Patel,919900000434,aditya.patel434@example.com,52,Female,Indore,Contract,80000,671,Y,N,Y,Y,at_risk,32515
Riya Joshi,919900000435,riya.joshi435@example.com,24,Male,Ahmedabad,Contract,55000,793,Y,N,N,Y,vip,153854
Arjun Singh,919900000436,arjun.singh436@example.com,30,Female,Mumbai,Self-employed,180000,779,Y,Y,N,N,new,663715
Neha Rao,919900000437,neha.rao437@example.com,60,Female,Pune,Self-employed,400000,686,N,Y,N,Y,active,1196156
Amit Joshi,919900000438,amit.joshi438@example.com,54,Female,Bhopal,Part-time,120000,710,Y,N,N,Y,new,263521
Karan Iyer,919900000439,karan.iyer439@example.com,39,Female,Hyderabad,Full-time,120000,562,Y,Y,N,N,active,457423
Diya Mehta,919900000440,diya.mehta440@example.com,26,Male,Kolkata,Part-time,55000,606,Y,Y,N,N,vip,203843
Riya Joshi,919900000441,riya.joshi441@example.com,65,Female,Chennai,Part-time,400000,587,Y,Y,Y,N,at_risk,1532521
Riya Patel,919900000442,riya.patel442@example.com,25,Female,Surat,Part-time,600000,751,Y,Y,Y,N,active,1519843
Diya Kapoor,919900000443,diya.kapoor443@example.com,37,Male,Mumbai,Full-time,600000,586,Y,Y,Y,N,active,1608533
Aarav Kapoor,919900000444,aarav.kapoor444@example.com,63,Female,Chennai,Part-time,35000,718,N,Y,N,N,vip,70593
Arjun Rao,919900000445,arjun.rao445@example.com,55,Male,Mumbai,Contract,55000,796,Y,Y,N,Y,at_risk,94728
Aditya Iyer,919900000446,aditya.iyer446@example.com,26,Female,Indore,Self-employed,250000,653,Y,Y,Y,Y,vip,901638
Neha Singh,919900000447,neha.singh447@example.com,61,Female,Kochi,Part-time,55000,621,Y,Y,N,Y,vip,24165
Pooja Bose,919900000448,pooja.bose448@example.com,52,Female,Mumbai,Full-time,180000,723,Y,N,Y,Y,dormant,349525
Pooja Patel,919900000449,pooja.patel449@example.com,25,Male,Kochi,Part-time,120000,800,Y,Y,N,Y,active,30551
Vivaan Kapoor,919900000450,vivaan.kapoor450@example.com,27,Female,Lucknow,Part-time,180000,582,N,Y,N,N,active,79167
Ishaan Gupta,919900000451,ishaan.gupta451@example.com,64,Female,Pune,Full-time,250000,620,Y,N,Y,Y,active,368729
Diya Nair,919900000452,diya.nair452@example.com,47,Male,Kochi,Self-employed,80000,634,Y,N,Y,Y,dormant,130344
Ananya Sharma,919900000453,ananya.sharma453@example.com,26,Male,Mumbai,Part-time,600000,595,Y,Y,Y,Y,vip,1698577
Ishaan Patel,919900000454,ishaan.patel454@example.com,54,Female,Kolkata,Part-time,180000,639,Y,Y,Y,Y,new,464999
Aisha Iyer,919900000455,aisha.iyer455@example.com,21,Male,Hyderabad,Full-time,400000,598,Y,N,N,Y,vip,1250904
Ishaan Nair,919900000456,ishaan.nair456@example.com,33,Male,Indore,Part-time,35000,792,Y,Y,N,Y,at_risk,44914
Priya Nair,919900000457,priya.nair457@example.com,60,Female,Mumbai,Full-time,250000,576,N,Y,N,Y,new,117317
Kabir Mehta,919900000458,kabir.mehta458@example.com,58,Female,Kolkata,Part-time,600000,716,Y,Y,Y,Y,vip,2103341
Arjun Kapoor,919900000459,arjun.kapoor459@example.com,25,Female,Lucknow,Contract,120000,577,N,Y,N,Y,vip,194309
Karan Mehta,919900000460,karan.mehta460@example.com,61,Female,Chennai,Part-time,120000,721,Y,N,Y,Y,vip,233112
Ananya Joshi,919900000461,ananya.joshi461@example.com,35,Female,Lucknow,Part-time,250000,637,Y,Y,Y,Y,dormant,514753
Ishaan Das,919900000462,ishaan.das462@example.com,50,Female,Mumbai,Contract,600000,676,Y,Y,Y,N,active,2203361
Aarav Gupta,919900000463,aarav.gupta463@example.com,23,Female,Kochi,Full-time,35000,767,Y,Y,N,N,vip,72873
Aditya Khan,919900000464,aditya.khan464@example.com,65,Female,Hyderabad,Part-time,35000,733,Y,N,Y,Y,at_risk,28520
Karan Rao,919900000465,karan.rao465@example.com,50,Female,Indore,Part-time,35000,757,Y,N,N,N,new,121431
Aditya Gupta,919900000466,aditya.gupta466@example.com,54,Male,Chennai,Contract,250000,688,Y,N,N,Y,new,639432
Rohan Mehta,919900000467,rohan.mehta467@example.com,53,Female,Surat,Full-time,35000,606,Y,Y,Y,Y,dormant,100748
Pooja Mehta,919900000468,pooja.mehta468@example.com,29,Female,Hyderabad,Full-time,120000,794,Y,N,N,N,active,170132
Riya Khan,919900000469,riya.khan469@example.com,38,Male,Delhi,Self-employed,400000,726,Y,Y,N,Y,dormant,1111029
Pooja Kapoor,919900000470,pooja.kapoor470@example.com,49,Female,Indore,Full-time,180000,646,N,Y,Y,N,at_risk,691447
Aditya Verma,919900000471,aditya.verma471@example.com,38,Male,Kochi,Part-time,80000,804,Y,Y,N,Y,vip,310751
Pooja Kapoor,919900000472,pooja.kapoor472@example.com,51,Female,Kolkata,Contract,80000,560,Y,Y,N,Y,dormant,211980
Priya Das,919900000473,priya.das473@example.com,62,Female,Ahmedabad,Contract,250000,784,Y,Y,N,Y,at_risk,265443
Neha Nair,919900000474,neha.nair474@example.com,30,Female,Chennai,Contract,35000,635,Y,Y,N,Y,active,118631
Saanvi Patel,919900000475,saanvi.patel475@example.com,28,Male,Pune,Part-time,120000,775,Y,Y,N,Y,at_risk,469978
Saanvi Iyer,919900000476,saanvi.iyer476@example.com,55,Male,Jaipur,Self-employed,600000,612,N,Y,N,Y,vip,2235410
Saanvi Sharma,919900000477,saanvi.sharma477@example.com,62,Female,Ahmedabad,Self-employed,250000,625,N,N,N,Y,new,745058
Vivaan Patel,919900000478,vivaan.patel478@example.com,40,Male,Kolkata,Part-time,55000,778,Y,Y,N,Y,dormant,57428
Riya Reddy,919900000479,riya.reddy479@example.com,26,Female,Bhopal,Full-time,35000,812,Y,Y,N,Y,new,127823
Neha Gupta,919900000480,neha.gupta480@example.com,48,Female,Kolkata,Self-employed,80000,556,Y,Y,N,N,new,81571
Karan Mehta,919900000481,karan.mehta481@example.com,49,Female,Bangalore,Contract,400000,762,Y,Y,Y,Y,vip,1582341
Rahul Iyer,919900000482,rahul.iyer482@example.com,58,Female,Delhi,Full-time,55000,759,Y,Y,Y,Y,dormant,168846
Saanvi Reddy,919900000483,saanvi.reddy483@example.com,45,Female,Jaipur,Contract,80000,571,N,Y,N,Y,vip,84254
Aarav Patel,919900000484,aarav.patel484@example.com,40,Female,Delhi,Self-employed,180000,763,Y,N,N,Y,at_risk,373246
Aditya Das,919900000485,aditya.das485@example.com,58,Female,Lucknow,Contract,250000,682,Y,Y,N,Y,dormant,746309
Aarav Rao,919900000486,aarav.rao486@example.com,31,Male,Bangalore,Self-employed,180000,786,N,Y,Y,Y,vip,471193
Neha Sharma,919900000487,neha.sharma487@example.com,39,Male,Jaipur,Part-time,180000,643,N,Y,Y,Y,at_risk,601546
Aisha Nair,919900000488,aisha.nair488@example.com,27,Female,Nagpur,Part-time,250000,556,Y,Y,N,Y,active,147297
Saanvi Khan,919900000489,saanvi.khan489@example.com,33,Male,Kolkata,Contract,120000,589,Y,Y,Y,Y,at_risk,87390
Karan Kapoor,919900000490,karan.kapoor490@example.com,32,Female,Mumbai,Full-time,250000,663,Y,N,N,Y,active,173707
Aditya Gupta,919900000491,aditya.gupta491@example.com,25,Male,Indore,Contract,55000,770,Y,Y,N,Y,new,109038
Riya Sharma,919900000492,riya.sharma492@example.com,40,Male,Indore,Full-time,55000,613,N,Y,N,Y,at_risk,17115
Saanvi Rao,919900000493,saanvi.rao493@example.com,58,Female,Pune,Part-time,180000,806,N,N,N,Y,dormant,558059
Rahul Reddy,919900000494,rahul.reddy494@example.com,39,Male,Surat,Full-time,120000,600,N,N,N,Y,dormant,108417
Diya Patel,919900000495,diya.patel495@example.com,45,Female,Hyderabad,Part-time,250000,758,Y,N,Y,Y,active,521025
Neha Mehta,919900000496,neha.mehta496@example.com,56,Male,Delhi,Self-employed,180000,802,Y,Y,N,Y,vip,190497
Priya Nair,919900000497,priya.nair497@example.com,33,Male,Surat,Contract,400000,738,Y,N,N,Y,vip,874447
Aditya Verma,919900000498,aditya.verma498@example.com,46,Female,Kochi,Full-time,80000,636,Y,N,Y,Y,vip,53320
Priya Mehta,919900000499,priya.mehta499@example.com,38,Female,Indore,Contract,600000,732,Y,N,Y,Y,at_risk,456013
Karan Verma,919900000500,karan.verma500@example.com,37,Female,Ahmedabad,Part-time,55000,618,Y,N,N,Y,new,214163
